Brand,Model Number,Additional Model Number Variations,Configuration,Defrost Type,Compact,Through the door dispenser,Automatic Icemaker,Volume(cu ft),Adjusted Volume(cu ft),kWh/year,Federal Standard(kWh/year),Measured Federal Standard(kWh/yr),Percent Better than Measured Federal Standard,CEE Tier
Absocold, ARD244A*10R/L ,,Single Door,Automatic,Yes,No,No,2.3,2.3,223,280,280,20%,3
Absocold, ARD298C*14R ,,Top Freezer,Partial Automatic,Yes,No,No,2.97,3.6,319,357,357,10%,1
Absocold,ARD1033F*14R/L,,Top Freezer,Automatic,No,No,No,10.3,12.12,297,332,332,10%,1
Absocold,ARD104AB14R/L,,Single Door,Automatic,Yes,No,No,1.12,1.12,242,270,270,10%,1
Absocold,ARD204AB14R/L,,Single Door,Automatic,Yes,No,No,2.03,2.03,249,278,278,10%,1
Absocold,ARD204ABS14R/L ,,Single Door,Automatic,Yes,No,No,2.03,2.03,249,278,278,10%,1
Absocold,ARD369A*14R/L,,Single Door,Automatic,Yes,No,No,3.6,3.6,262,292,292,10%,1
Absocold,ARD484F*10R/L,,Top Freezer,Automatic,Yes,No,No,4.75,5.79,346,408,408,15%,2
Avanti,AR2406W,AR2416B,Single Door,Automatic,Yes,No,No,2.2,2.2,230,279,279,18%,2
Avanti,AR321BB,AR320W,Single Door,Automatic,Yes,No,No,3.2,3.2,259,289,289,10%,1
Avanti,AR4446B,AR4456SS,Single Door,Automatic,Yes,No,No,4.4,4.4,269,300,300,10%,1
Avanti,FF45006W,FF45016PS,Top Freezer,Automatic,Yes,No,No,4.3,5.1,359,399,399,10%,1
Avanti,FFBM45136SS,,Bottom Freezer,Automatic,Yes,No,No,4.5,5.6,340,405,405,16%,2
Avanti,RA3106WT,"RA3116BT, RA3126PST, RA3136SST",Single Door,Automatic,Yes,No,No,3.1,3.7,320,358,358,11%,1
Avanti,RA7306WT,RA7316PST,Single Door,Automatic,Yes,No,No,7.4,8.4,345,385,385,10%,1
Avanti,RM24206W,"RM24216B, RM24226PS, RM24236SS",Single Door,Manual,Yes,No,No,2.4,2.4,212,274,274,23%,3
Avanti,RM3316B,RM3306W,Single Door,Manual,Yes,No,No,3.3,3.3,220,282,282,22%,3
Avanti,RM4106W,"RM4116B, RM4126PS, RM4136SS",Single Door,Manual,Yes,No,No,4,4,225,288,288,22%,3
Avanti,RM4406W,"RM4416B, RM4426PS, RM4436SS",Single Door,Manual,Yes,No,No,4.4,4.4,228,292,292,22%,3
Avanti,RMS550PS,RMS551SS,Side-by-Side,Automatic,Yes,No,No,5.6,7.3,338,379,379,11%,1
Blomberg,BRFB1042SLN,,Bottom Freezer,Automatic,No,No,No,8.79,10.77,370,412,412,10%,1
Blomberg,BRFB1042SSN,,Bottom Freezer,Automatic,No,No,No,8.79,10.77,370,412,412,10%,1
Blomberg,BRFB1042WHN,,Bottom Freezer,Automatic,No,No,No,8.79,10.77,370,412,412,10%,1
Blomberg,BRFB1152SSN,,Bottom Freezer,Automatic,No,No,No,9.84,11.82,378,422,422,10%,1
Blomberg,BRFB1452SSN,,Bottom Freezer,Automatic,No,No,No,13.81,16.12,412,460,460,10%,1
Blomberg,BRFB1812SS,,Bottom Freezer,Automatic,No,No,No,16.17,20.06,444,495,495,10%,1
Blomberg,BRFB1812SSL,,Bottom Freezer,Automatic,No,No,No,16.17,20.06,444,495,495,10%,1
Blomberg,BRFB1822SS,,Bottom Freezer,Automatic,No,No,Yes,16.17,20.06,528,579,495,10%,1
Blomberg,BRFB1822SSL,,Bottom Freezer,Automatic,No,No,Yes,16.17,20.06,528,579,495,10%,1
Blomberg,BRFB1822WH,,Bottom Freezer,Automatic,No,No,Yes,16.17,20.06,528,579,495,10%,1
Bosch,B10CB80NVB,B10CB80NVS / B10CB80NVW,Bottom Freezer,Automatic,No,No,No,10.71,12.3,348,426,426,18%,2
Bosch,B11CB50SSS,,Bottom Freezer,Automatic,No,No,No,11.55,13.96,357,441,357,19%,2
Bosch,B30BB830SS ,,Bottom Freezer,Automatic,No,No,Yes,16.27,19.99,546,609,525,12%,1
Bosch,B30IB800SP,,Bottom Freezer,Automatic,No,No,Yes,16.27,19.99,546,609,525,12%,1
Bosch,B36BT830NS,,Bottom Freezer,Automatic,No,No,Yes,19.72,24.17,590,648,564,10%,1
Bosch,B36IT800NP,,Bottom Freezer,Automatic,No,No,Yes,19.72,24.17,590,648,564,10%,1
Crosley,CFD28SDQ*,,Bottom Freezer,Automatic,No,No,Yes,27.64,34.25,642,704,620,10%,1
Crosley,CFD28WIQ*,,Bottom Freezer,Automatic,No,Yes,Yes,27.19,33.8,717,788,704,10%,1
Crosley,CRT151HQ*,,Top Freezer,Automatic,No,No,No,14.56,17.31,336,373,373,10%,1
Crosley,CRT182HQ*,,Top Freezer,Automatic,No,No,No,18.08,21.1,363,404,404,10%,1
Crosley,CRT186HQ*,,Top Freezer,Automatic,No,No,No,18.08,21.1,363,404,404,10%,1
Crosley,CRT206HQ*,,Top Freezer,Automatic,No,No,No,20.43,24.33,386,430,430,10%,1
Dacor,RF36NDFSS*,,Bottom Freezer,Automatic,No,No,Yes,20,24.27,563,616,532,10%,1
Danby,DCR016A3BDB,,Single Door,Manual,Yes,No,No,1.58,1.58,207,267,267,22%,3
Danby,DCR016A3WDB,,Single Door,Manual,Yes,No,No,1.58,1.58,207,267,267,22%,3
Danby,DCR016A3WDEDB,,Single Door,Manual,Yes,No,No,1.58,1.58,207,267,267,22%,3
Danby,DCR016C1BDB,,Single Door,Manual,Yes,No,No,1.59,1.59,207,232,232,11%,1
Danby,DCR016C1WDB,,Single Door,Manual,Yes,No,No,1.59,1.59,207,232,232,11%,1
Danby,DCR023C1WDB,,Single Door,Manual,Yes,No,No,2.25,2.25,213,237,237,10%,1
Danby,DCR032A2BDB,,Single Door,Manual,Yes,No,No,3.24,3.24,218,282,282,23%,3
Danby,DCR032A2WDB,,Single Door,Manual,Yes,No,No,3.24,3.24,218,282,282,23%,3
Danby,DCR032C1BDB,,Single Door,Manual,Yes,No,No,3.17,3.17,218,281,281,22%,3
Danby,DCR032C1WDB,,Single Door,Manual,Yes,No,No,3.17,3.17,218,281,281,22%,3
Danby,DCR044B1BDB,,Single Door,Manual,Yes,No,No,4.42,4.42,226,254,254,11%,1
Danby,DFF048A4WDB,,Top Freezer,Automatic,Yes,No,No,4.75,5.79,346,408,408,15%,2
Danby,DFF092C1BSLDB,,Bottom Freezer,Automatic,No,No,No,9.19,11.33,374,417,417,10%,1
Danby,DFF092C1WDB,,Bottom Freezer,Automatic,No,No,No,9.19,11.33,374,417,417,10%,1
Danby,DFF103A4WDB,,Top Freezer,Automatic,No,No,No,10.3,12.12,297,332,332,10%,1
Danby ,DCR032C2BDB,,Single Door,Manual,Yes,No,No,3.17,3.17,242,281,281,14%,1
Danby Designer,DAR017A2BDD,,Single Door,Automatic,Yes,No,No,1.73,1.73,221,275,275,20%,2
Danby Designer,DAR026A1BDD,,Single Door,Automatic,Yes,No,No,2.58,2.58,253,283,283,11%,1
Danby Designer,DAR026A1WDD,,Single Door,Automatic,Yes,No,No,2.58,2.58,253,283,283,11%,1
Danby Designer,DAR033A1BDD,,Single Door,Automatic,Yes,No,No,3.3,3.3,259,290,290,11%,1
Danby Designer,DAR033A1WDD,,Single Door,Automatic,Yes,No,No,3.3,3.3,259,290,290,11%,1
Danby Designer,DAR044A4BDD,,Single Door,Automatic,Yes,No,No,4.39,4.39,268,300,300,11%,1
Danby Designer,DAR044A4BSLDD,,Single Door,Automatic,Yes,No,No,4.39,4.39,268,300,300,11%,1
Danby Designer,DAR044A4BSLDDU,,Single Door,Automatic,Yes,No,No,4.39,4.39,268,300,300,11%,1
Danby Designer,DAR044A4BSSDD,,Single Door,Automatic,Yes,No,No,4.39,4.39,268,300,300,11%,1
Danby Designer,DAR044A4WDD,,Single Door,Automatic,Yes,No,No,4.39,4.39,268,300,300,11%,1
Danby Designer,DAR044A5BSLDD,,Single Door,Automatic,Yes,No,No,4.44,4.44,268,300,300,11%,1
Danby Designer,DAR110A1BSLDD,,Single Door,Automatic,No,No,No,10.97,10.97,249,279,279,11%,1
Danby Designer,DAR110A1WDD,,Single Door,Automatic,No,No,No,10.97,10.97,249,279,279,11%,1
Danby Designer,DCR016A3BSLDD,,Single Door,Manual,Yes,No,No,1.58,1.58,207,267,267,22%,3
Danby Designer,DCR031B1BSLDD,,Top Freezer,Partial,Yes,No,No,3.06,3.72,319,358,358,11%,1
Danby Designer,DCR031B1WDD,,Top Freezer,Partial,Yes,No,No,3.06,3.72,319,358,358,11%,1
Danby Designer,DCR032A2BDD,,Single Door,Manual,Yes,No,No,3.24,3.24,218,282,282,23%,3
Danby Designer,DCR032A2BSLDD,,Single Door,Manual,Yes,No,No,3.24,3.24,218,282,282,23%,3
Danby Designer,DCR032A2WDD,,Single Door,Manual,Yes,No,No,3.24,3.24,218,282,282,23%,3
Danby Designer,DCR032C1BSLDD,,Single Door,Manual,Yes,No,No,3.17,3.17,218,281,281,22%,3
Danby Designer,DCR044A2BDD,,Single Door,Manual,Yes,No,No,4.43,4.43,226,292,292,23%,3
Danby Designer,DCR044A2BSLDD,,Single Door,Manual,Yes,No,No,4.43,4.43,226,292,292,23%,3
Danby Designer,DCR044A2WDD,,Single Door,Manual,Yes,No,No,4.43,4.43,226,292,292,23%,3
Danby Designer,DFF100C2BSLDD,,Top Freezer,Automatic,No,No,No,9.93,12.07,297,331,331,10%,1
Danby Designer,DFF100C2BSSDD,,Top Freezer,Automatic,No,No,No,9.93,12.07,297,331,331,10%,1
Danby Designer,DFF100C2WDD,,Top Freezer,Automatic,No,No,No,9.93,12.07,297,331,331,10%,1
Danby Designer,DFF123C2BSSDD,,Top Freezer,Automatic,No,No,No,12.27,14.91,317,354,354,10%,1
Danby Designer,DFF123C2WDD,,Top Freezer,Automatic,No,No,No,12.27,14.91,317,354,354,10%,1
Danby Designer,DPF074B1BSLDD,,Top Freezer,Partial,Yes,No,No,7.4,8.43,344,386,386,11%,1
Danby Designer,DPF074B1WDB,,Top Freezer,Partial,Yes,No,No,7.4,8.43,344,386,386,11%,1
Electrolux,E24RD50Q,E24RD50Q**,Single Door,Automatic,Yes,No,No,4.99,4.99,236,306,306,23%,3
Electrolux,EI23BC30K**A,,Bottom Freezer,Automatic,No,No,Yes,22.37,27.53,588,644,560,10%,1
Electrolux,EI23BC35K**A,,Bottom Freezer,Automatic,No,Yes,Yes,21.93,27.09,662,726,642,10%,1
Electrolux,EI23BC60K**A,,Bottom Freezer,Automatic,No,No,Yes,22.37,27.53,588,644,560,10%,1
Electrolux,EI23BC65K**A,,Bottom Freezer,Automatic,No,Yes,Yes,21.93,27.09,662,726,642,10%,1
Electrolux,EI24BC10Q,EI24BC10Q**,Single Door,Automatic,Yes,No,No,5.36,5.36,278,308,308,10%,1
Electrolux,EI24BL10Q,EI24BCL10Q**,Single Door,Automatic,Yes,No,No,5.36,5.36,278,308,308,10%,1
Electrolux,EI24RD10Q,EI24RD10Q**,Single Door,Automatic,Yes,No,No,4.99,4.99,236,306,306,23%,3
Electrolux,EI26SS30J**A,,Side by Side,Automatic,No,Yes,Yes,25.57,32.43,647,709,625,10%,1
Electrolux,EI28BS65K**A,,Bottom Freezer,Automatic,No,Yes,Yes,27.19,33.8,717,788,704,10%,1
Fisher & Paykel,E522BLE5,,Bottom Freezer,Variable,No,No,No,17.49,21.4,454,506,506,10%,1
Fisher & Paykel,E522BLT5,,Bottom Freezer,Variable,No,No,No,17.49,21.4,454,506,506,10%,1
Fisher & Paykel,E522BLX5,,Bottom Freezer,Variable,No,No,No,17.49,21.4,454,506,506,10%,1
Fisher & Paykel,E522BLXU5,,Bottom Freezer,Variable,No,No,Yes,17.45,21.36,538,590,506,10%,1
Fisher & Paykel,E522BRE5,,Bottom Freezer,Variable,No,No,No,17.49,21.4,454,506,506,10%,1
Fisher & Paykel,E522BRT5,,Bottom Freezer,Variable,No,No,No,17.49,21.4,454,506,506,10%,1
Fisher & Paykel,E522BRX5,,Bottom Freezer,Variable,No,No,No,17.49,21.4,454,506,506,10%,1
Fisher & Paykel,E522BRXU5,,Bottom Freezer,Variable,No,No,Yes,17.45,21.36,538,590,506,10%,1
Fisher & Paykel,RF170WDLUX5,,Bottom Freezer,Variable,No,No,Yes,17.32,21.14,535,588,504,11%,1
Fisher & Paykel,RF170WDLX5,,Bottom Freezer,Variable,No,No,No,17.36,21.18,452,504,504,10%,1
Fisher & Paykel,RF170WDRUX5,,Bottom Freezer,Variable,No,No,Yes,17.32,21.14,535,588,504,11%,1
Fisher & Paykel,RF170WDRX5,,Bottom Freezer,Variable,No,No,No,17.36,21.18,452,504,504,10%,1
Fisher & Paykel,RF201ADUSX5,,Bottom Freezer,Variable,No,No,Yes,20.1,24.17,532,615,531,16%,2
Fisher & Paykel,RF201ADX5,,Bottom Freezer,Variable,No,No,No,20.14,24.21,448,531,531,16%,2
Frigidaire,DGHF2360P**A,,Bottom Freezer,Automatic,No,Yes,Yes,21.93,27.09,662,726,642,10%,1
Frigidaire,DGUS2645L**A,,Side by Side,Automatic,No,Yes,Yes,25.57,32.43,647,709,625,10%,1
Frigidaire,FFED2322Q*,,Bottom Freezer,Automatic,No,Yes,Yes,21.93,27.09,662,726,642,10%,1
Frigidaire,FFEG2322Q*,,Bottom Freezer,Automatic,No,No,Yes,22.37,27.53,588,644,560,10%,1
Frigidaire,FFEN2822Q*,,Bottom Freezer,Automatic,No,No,Yes,27.64,34.25,642,704,620,10%,1
Frigidaire,FFEX2315Q*,,Side by Side,Automatic,No,Yes,Yes,22.07,28.07,613,672,588,10%,1
Frigidaire,FFHB2740P**A,,Bottom Freezer,Automatic,No,Yes,Yes,27.19,33.8,717,788,704,10%,1
Frigidaire,FFHI1831Q*,,Top Freezer,Automatic,No,No,Yes,18.08,21.1,447,488,404,10%,1
Frigidaire,FFHI2131Q*,,Top Freezer,Automatic,No,No,Yes,20.43,24.33,470,514,430,10%,1
Frigidaire,FFHN2740P**A,,Bottom Freezer,Automatic,No,No,Yes,27.64,34.25,642,704,620,10%,1
Frigidaire,FFHT1514Q*,,Top Freezer,Automatic,No,No,No,14.56,17.31,336,373,373,10%,1
Frigidaire,FFHT1521Q*,,Top Freezer,Automatic,No,No,No,14.56,17.31,336,373,373,10%,1
Frigidaire,FFHT1614Q*,,Top Freezer,Automatic,No,No,No,16.3,19.05,348,387,387,10%,1
Frigidaire,FFHT1621Q*,,Top Freezer,Automatic,No,No,No,16.3,19.05,348,387,387,10%,1
Frigidaire,FFHT1814Q*,,Top Freezer,Automatic,No,No,No,18.08,21.1,363,404,404,10%,1
Frigidaire,FFHT1821Q*,,Top Freezer,Automatic,No,No,No,18.08,21.1,363,404,404,10%,1
Frigidaire,FFHT1831Q*,,Top Freezer,Automatic,No,No,No,18.08,21.1,363,404,404,10%,1
Frigidaire,FFHT2021Q*,,Top Freezer,Automatic,No,No,No,20.43,24.33,386,430,430,10%,1
Frigidaire,FFHT2131Q*,,Top Freezer,Automatic,No,No,No,20.43,24.33,386,430,430,10%,1
Frigidaire,FGEX2631Q*,,Side by Side,Automatic,No,Yes,Yes,25.57,32.43,647,709,625,10%,1
Frigidaire,FGEX26D6Q**A,,Side by Side,Automatic,No,Yes,Yes,25.57,32.43,647,709,625,10%,1
Frigidaire,FGHB2866P*,,Bottom Freezer,Automatic,No,Yes,Yes,27.19,33.8,717,788,704,10%,1
Frigidaire,FGHB2866P**A,,Bottom Freezer,Automatic,No,Yes,Yes,27.19,33.8,717,788,704,10%,1
Frigidaire,FGHF2366P**A,,Bottom Freezer,Automatic,No,Yes,Yes,21.93,27.09,662,726,642,10%,1
Frigidaire,FGHF2367Q*,,Bottom Freezer,Automatic,No,Yes,Yes,21.93,27.09,662,726,642,10%,1
Frigidaire,FGHG2366P**A,,Bottom Freezer,Automatic,No,No,Yes,22.37,27.53,588,644,560,10%,1
Frigidaire,FGHI1864Q*,,Top Freezer,Automatic,No,No,Yes,18.3,21.32,449,489,405,10%,1
Frigidaire,FGHI2164Q*,,Top Freezer,Automatic,No,No,No,20.52,24.42,387,430,430,10%,1
Frigidaire,FGHN2866P**A,,Bottom Freezer,Automatic,No,No,Yes,27.64,34.25,642,704,620,10%,1
Frigidaire,FGHS2355P**A,,Side by Side,Automatic,No,Yes,Yes,22.2,28.2,614,673,589,10%,1
Frigidaire,FGHS2631P**A,,Side by Side,Automatic,No,Yes,Yes,25.57,32.43,647,709,625,10%,1
Frigidaire,FGHS2655P**A,,Side by Side,Automatic,No,Yes,Yes,25.57,32.43,647,709,625,10%,1
Frigidaire,FGHT1846Q*,,Top Freezer,Automatic,No,No,No,18.08,21.1,363,404,404,10%,1
Frigidaire,FGHT2046Q*,,Top Freezer,Automatic,No,No,No,20.43,24.33,386,430,430,10%,1
Frigidaire,FPHB2899P*,,Bottom Freezer,Automatic,No,Yes,Yes,27.19,33.8,717,788,704,10%,1
Frigidaire,FPHB2899P**A,,Bottom Freezer,Automatic,No,Yes,Yes,27.19,33.8,717,788,704,10%,1
Frigidaire,FPHF2399P*,,Bottom Freezer,Automatic,No,Yes,Yes,21.93,27.09,662,726,642,10%,1
Frigidaire,FPHF2399P**A,,Bottom Freezer,Automatic,No,Yes,Yes,21.93,27.09,662,726,642,10%,1
Frigidaire,FPHG2399P**A,,Bottom Freezer,Automatic,No,No,Yes,22.37,27.53,588,644,560,10%,1
Frigidaire,FPHS2399P**A,,Side by Side,Automatic,No,Yes,Yes,22.2,28.2,614,673,589,10%,1
Frigidaire,FPHS2699P**A,,Side by Side,Automatic,No,Yes,Yes,25.57,32.43,647,709,625,10%,1
Frigidaire,FPHT18D3R*,,Top Freezer,Automatic,No,No,No,18.08,21.1,363,404,404,10%,1
Frigidaire,LFHB2741P**A,,Bottom Freezer,Automatic,No,Yes,Yes,27.19,33.8,717,788,704,10%,1
Frigidaire,LFHT1831Q*,,Top Freezer,Automatic,No,No,No,18.08,21.1,363,404,404,10%,1
Frigidaire,LFHT2131Q*,,Top Freezer,Automatic,No,No,No,20.43,24.33,386,430,430,10%,1
Frigidaire,LGHB2867P*,,Bottom Freezer,Automatic,No,Yes,Yes,27.19,33.8,717,788,704,10%,1
Frigidaire,LGHB2867P**A,,Bottom Freezer,Automatic,No,Yes,Yes,27.19,33.8,717,788,704,10%,1
Frigidaire,LGHT1846Q*,,Top Freezer,Automatic,No,No,No,18.08,21.1,363,404,404,10%,1
Frigidaire,LGHT2046Q*,,Top Freezer,Automatic,No,No,No,20.43,24.33,386,430,430,10%,1
Gaggenau,RB472701,,Bottom Freezer,Automatic,No,No,Yes,16.27,19.99,546,609,525,12%,1
Gaggenau,RB492701,,Bottom Freezer,Automatic,No,No,Yes,19.86,24.31,591,649,565,10%,1
Gaggenau,RC462701,,Single Door,Automatic,No,No,No,13.29,13.29,283,335,335,16%,2
Gaggenau,RC472701,,Single Door,Automatic,No,No,No,17.2,17.2,310,366,366,15%,2
Gaggenau,RY492701,,Bottom Freezer,Automatic,No,No,Yes,19.72,24.17,590,648,564,10%,1
GE,DFE28JGH****,,Bottom Freezer,Automatic,No,Yes,Yes,27.7,34.67,724,796,712,10%,1
GE,DFE28JMH****,,Bottom Freezer,Automatic,No,Yes,Yes,27.7,34.67,724,796,712,10%,1
GE,DFE28JSH****,,Bottom Freezer,Automatic,No,Yes,Yes,27.7,34.67,724,796,712,10%,1
GE,DSE25JGH****,,Side-by-side,Automatic,No,No,Yes,25.26,32.12,643,707,623,10%,1
GE,DSE25JMH****,,Side-by-side,Automatic,No,No,Yes,25.26,32.12,643,707,623,10%,1
GE,DSE25JSH****,,Side-by-side,Automatic,No,Yes,Yes,25.26,32.12,643,707,623,10%,1
GE,GCE06GGH****,,Single Door,Manual,Yes,No,No,5.63,5.63,236,263,263,10%,1
GE,GCE06GSH****,,Single Door,Manual,Yes,No,No,5.63,5.63,236,263,263,10%,1
GE,GDE03GGH****,,Single Door,Partial,Yes,No,No,3.05,3.76,321,358,358,10%,1
GE,GDE03GLH****,,Single Door,Partial,Yes,No,No,3.05,3.76,321,358,358,10%,1
GE,GDE20GGH****,,Bottom Freezer,Automatic,No,No,Yes,20.38,25.18,569,624,540,10%,1
GE,GDE20GMH****,,Bottom Freezer,Automatic,No,No,Yes,20.38,25.18,569,624,540,10%,1
GE,GDE20GSH****,,Bottom Freezer,Automatic,No,No,Yes,20.38,25.18,569,624,540,10%,1
GE,GDE23GGH****,,Bottom Freezer,Automatic,No,No,Yes,23.19,28.4,594,652,568,10%,1
GE,GDE23GSH****,,Bottom Freezer,Automatic,No,No,Yes,23.19,28.4,594,652,568,10%,1
GE,GFE26GGH****,,Bottom Freezer,Automatic,No,Yes,Yes,25.66,32.19,703,773,689,10%,1
GE,GFE26GMH****,,Bottom Freezer,Automatic,No,Yes,Yes,25.66,32.19,703,773,689,10%,1
GE,GFE26GSH****,,Bottom Freezer,Automatic,No,Yes,Yes,25.66,32.19,703,773,689,10%,1
GE,GFE28HGH****,,Bottom Freezer,Automatic,No,Yes,Yes,27.7,34.67,724,796,712,10%,1
GE,GFE28HMH****,,Bottom Freezer,Automatic,No,Yes,Yes,27.7,34.67,724,796,712,10%,1
GE,GFE28HSH****,,Bottom Freezer,Automatic,No,Yes,Yes,27.7,34.67,724,796,712,10%,1
GE,GIE16DGH****,,Top Freezer,Automatic,No,No,Yes,15.53,18.55,428,467,383,10%,1
GE,GIE16GSH****,,Top Freezer,Automatic,No,No,Yes,15.53,18.55,428,467,383,10%,1
GE,GIE18CTH****,,Top Freezer,Automatic,No,No,Yes,17.53,20.59,442,484,400,11%,1
GE,GIE18ETH****,,Top Freezer,Automatic,No,No,Yes,18.18,22.08,453,496,412,10%,1
GE,GIE18GCH****,,Top Freezer,Automatic,No,No,Yes,17.53,20.59,442,484,400,11%,1
GE,GIE18GSH****,,Top Freezer,Automatic,No,No,Yes,17.53,20.59,442,484,400,11%,1
GE,GIE18GTH****,,Top Freezer,Automatic,No,No,Yes,17.53,20.59,442,484,400,11%,1
GE,GIE18HGH****,,Top Freezer,Automatic,No,No,Yes,17.59,20.65,443,484,400,10%,1
GE,GIE18HSH****,,Top Freezer,Automatic,No,No,Yes,17.59,20.65,443,484,400,10%,1
GE,GIE18ISH****,,Top Freezer,Automatic,No,No,Yes,18.18,22.08,453,496,412,10%,1
GE,GIE21GSH****,,Top Freezer,Automatic,No,No,Yes,21.18,25.79,480,526,442,10%,1
GE,GIE21GTH****,,Top Freezer,Automatic,No,No,Yes,21.18,25.79,480,526,442,10%,1
GE,GME04GGH****,,Single Door,Manual,Yes,No,No,4.4,4.76,227,256,256,11%,1
GE,GME04GLH****,,Single Door,Manual,Yes,No,No,4.4,4.76,227,256,256,11%,1
GE,GNE29GGH****,,Bottom Freezer,Automatic,No,No,Yes,28.71,35.68,652,717,633,10%,1
GE,GNE29GMH****,,Bottom Freezer,Automatic,No,No,Yes,28.71,35.68,652,717,633,10%,1
GE,GNE29GSH****,,Bottom Freezer,Automatic,No,No,Yes,28.71,35.68,652,717,633,10%,1
GE,GPE16DTH****,,Top Freezer,Automatic,No,No,No,15.53,18.55,344,383,383,10%,1
GE,GSE22ESH****,,Side-by-side,Automatic,No,Yes,Yes,21.84,27.05,604,664,580,10%,1
GE,GSE22ETH****,,Side-by-side,Automatic,No,Yes,Yes,21.84,27.05,604,664,580,10%,1
GE,GSE25ESH****,,Side-by-side,Automatic,No,Yes,Yes,24.74,31.66,640,703,619,10%,1
GE,GSE25ETH****,,Side-by-side,Automatic,No,Yes,Yes,24.74,31.66,640,703,619,10%,1
GE,GSE25GGH****,,Side-by-side,Automatic,No,Yes,Yes,25.32,32.35,645,709,625,10%,1
GE,GSE25GSH****,,Side-by-side,Automatic,No,Yes,Yes,25.32,32.35,645,709,625,10%,1
GE,GSE25HGH****,,Side-by-side,Automatic,No,Yes,Yes,25.26,32.12,643,707,623,10%,1
GE,GSE25HMH****,,Side-by-side,Automatic,No,Yes,Yes,25.26,32.12,643,707,623,10%,1
GE,GSE25HSH****,,Side-by-side,Automatic,No,Yes,Yes,25.26,32.12,643,707,623,10%,1
GE,GTE15CTH****,,Top Freezer,Automatic,No,No,No,14.58,17.6,337,376,376,10%,1
GE,GTE15NTH****,,Top Freezer,Automatic,No,No,No,14.58,17.6,337,376,376,10%,1
GE,GTE16DTH****,,Top Freezer,Automatic,No,No,No,15.53,18.55,344,383,383,10%,1
GE,GTE16GSH****,,Top Freezer,Automatic,No,No,No,15.53,18.55,344,383,383,10%,1
GE,GTE16GTH****,,Top Freezer,Automatic,No,No,No,15.53,18.55,344,383,383,10%,1
GE,GTE18CCH****,,Top Freezer,Automatic,No,No,No,17.53,20.59,358,400,400,11%,1
GE,GTE18CTH****,,Top Freezer,Automatic,No,No,No,17.53,20.59,358,400,400,11%,1
GE,GTE18ETH****,,Top Freezer,Automatic,No,No,No,18.18,22.08,369,412,412,10%,1
GE,GTE18GMH****,,Top Freezer,Automatic,No,No,No,17.53,20.59,358,400,400,11%,1
GE,GTE18GSH****,,Top Freezer,Automatic,No,No,No,17.53,20.59,358,400,400,11%,1
GE,GTE18GTH****,,Top Freezer,Automatic,No,No,No,17.53,20.59,358,400,400,11%,1
GE,GTE18IGH****,,Top Freezer,Automatic,No,No,No,18.18,22.08,369,412,412,10%,1
GE,GTE18ISH****,,Top Freezer,Automatic,No,No,No,18.18,22.08,369,412,412,10%,1
GE,GTE18ITH****,,Top Freezer,Automatic,No,No,No,18.18,22.08,369,412,412,10%,1
GE,GTE18LGH****,,Top Freezer,Automatic,No,No,No,17.53,20.59,358,400,400,11%,1
GE,GTE18LMH****,,Top Freezer,Automatic,No,No,No,17.53,20.59,358,400,400,11%,1
GE,GTE18LSH****,,Top Freezer,Automatic,No,No,No,17.53,20.59,358,400,400,11%,1
GE,GTE21GSH****,,Top Freezer,Automatic,No,No,No,21.18,25.79,396,442,442,10%,1
GE,GTE21GTH****,,Top Freezer,Automatic,No,No,No,21.18,25.79,396,442,442,10%,1
GE,GYE22KMH****,,Bottom Freezer,Automatic,No,Yes,Yes,22.09,27.53,664,730,646,10%,1
GE,GYE22KSH****,,Bottom Freezer,Automatic,No,Yes,Yes,22.09,27.53,664,730,646,10%,1
GE Artistry,ABE20EGH****,,Bottom Freezer,Automatic,No,No,No,20.27,25.04,483,539,539,10%,1
GE Café,CFE28TSH****,,Bottom Freezer,Automatic,No,Yes,Yes,27.81,34.78,725,797,713,10%,1
GE Café,CWE23SSH****,,Bottom Freezer,Automatic,No,No,Yes,23.09,28.53,596,654,570,10%,1
GE Café,CYE22TSH****,,Bottom Freezer,Automatic,No,Yes,Yes,22.19,27.63,665,731,647,10%,1
GE Monogram,ZIC30GNH****,,Bottom Freezer,Automatic,No,No,Yes,14.46,17.48,534,585,501,10%,1
GE Monogram,ZIC360NH****,,Bottom Freezer,Automatic,No,No,Yes,21.33,26.15,607,667,583,10%,1
GE Monogram,ZICP360NH****,,Bottom Freezer,Automatic,No,No,Yes,21.33,26.15,607,667,583,10%,1
GE Monogram,ZICS360NH****,,Bottom Freezer,Automatic,No,No,Yes,21.33,26.15,607,667,583,10%,1
GE Monogram,ZIR360NH****,,Single Door,Automatic,No,No,No,21.97,21.97,363,405,405,10%,1
GE Monogram,ZIRP360NH****,,Single Door,Automatic,No,No,No,21.97,21.97,363,405,405,10%,1
GE Monogram,ZIRS360NH****,,Single Door,Automatic,No,No,No,21.97,21.97,363,405,405,10%,1
GE Monogram,ZWE23ESH****,,Bottom Freezer,Automatic,No,No,Yes,23.09,28.53,596,654,570,10%,1
GE Monogram,ZWE23PSH****,,Bottom Freezer,Automatic,No,No,Yes,23.09,28.53,596,654,570,10%,1
GE Profile,PFE28RSH****,,Bottom Freezer,Automatic,No,Yes,Yes,27.7,34.67,724,796,712,10%,1
GE Profile,PFH28PSH****,,Bottom Freezer,Automatic,No,Yes,Yes,27.7,34.67,688,796,712,15%,2
GE Profile,PSE25KGH****,,Side-by-side,Automatic,No,Yes,Yes,25.26,32.12,643,707,623,10%,1
GE Profile,PSE25KSH****,,Side-by-side,Automatic,No,Yes,Yes,25.26,32.12,643,707,623,10%,1
GE Profile,PWE23KGD****,,Bottom Freezer,Automatic,No,Yes,Yes,23.09,28.53,596,654,569,10%,1
GE Profile,PWE23KMD****,,Bottom Freezer,Automatic,No,Yes,Yes,23.09,28.53,596,654,569,10%,1
GE Profile,PWE23KSD****,,Bottom Freezer,Automatic,No,Yes,Yes,23.09,28.53,596,654,569,10%,1
GE Profile,PYE22PSH****,,Bottom Freezer,Automatic,No,Yes,Yes,22.09,27.53,664,730,646,10%,1
Hotpoint,HPE15BTH****,,Top Freezer,Automatic,No,No,No,14.58,17.6,337,376,376,10%,1
IKEA,IX3HHEXDS*,,Bottom Freezer,Automatic,No,No,No,18.67,23.03,469,521,521,10%,1
IKEA,IX6HHEXDS*,,Bottom Freezer,Automatic,No,No,Yes,20,24.27,563,616,532,10%,1
IKEA,IX7DDEXDS*,,Bottom Freezer,Automatic,No,Yes,Yes,24.69,29.8,685,751,667,10%,1
IKEA,IX7HHEXDS*,,Bottom Freezer,Automatic,No,No,Yes,25.19,30.84,615,674,590,10%,1
Jenn-Air,JB36NXFXLE**,,Bottom Freezer,Automatic,No,No,Yes,20.86,25.09,599,657,573,10%,1
Jenn-Air,JB36NXFXRE**,,Bottom Freezer,Automatic,No,No,Yes,20.86,25.09,599,657,573,10%,1
Jenn-Air,JB36SSFX*A**,,Bottom Freezer,Automatic,No,No,Yes,20.8,24.81,597,654,570,10%,1
Jenn-Air,JFC2089BE*,,Bottom Freezer,Automatic,No,No,Yes,20,24.27,563,616,532,10%,1
Jenn-Air,JFX2597AE*,,Bottom Freezer,Automatic,No,Yes,Yes,24.51,29.62,680,749,665,10%,1
Kenmore,253.7041*41,,Bottom Freezer,Automatic,No,No,Yes,27.64,34.25,642,704,620,10%,1
Kenmore,2536011*41,,Top Freezer,Automatic,No,No,No,20.43,24.33,386,430,430,10%,1
Kenmore,2536031*41,,Top Freezer,Automatic,No,No,No,14.56,17.31,336,373,373,10%,1
Kenmore,2536038*41,,Top Freezer,Automatic,No,No,No,16.3,19.05,348,387,387,10%,1
Kenmore,2536060*41,,Top Freezer,Automatic,No,No,No,18.08,21.1,363,404,404,10%,1
Kenmore,2536062*41,,Top Freezer,Automatic,No,No,No,20.43,24.33,386,430,430,10%,1
Kenmore,2536768*41,,Top Freezer,Automatic,No,No,No,18.08,21.1,363,404,404,10%,1
Kenmore,2537034*21,,Bottom Freezer,Automatic,No,Yes,Yes,27.19,33.8,717,788,704,10%,1
Kenmore,2537034*41,,Bottom Freezer,Automatic,No,Yes,Yes,27.19,33.8,717,788,704,10%,1
Kenmore,2537042*41,,Bottom Freezer,Automatic,No,No,Yes,22.37,27.53,588,644,560,10%,1
Kenmore,2537044*21,,Bottom Freezer,Automatic,No,Yes,Yes,21.93,27.09,662,726,642,10%,1
Kenmore,2537044*41,,Bottom Freezer,Automatic,No,Yes,Yes,21.93,27.09,662,726,642,10%,1
Kenmore,2537060*41,,Top Freezer,Automatic,No,No,Yes,18.08,21.1,447,488,404,10%,1
Kenmore,2537062*41,,Top Freezer,Automatic,No,No,Yes,20.43,24.33,470,514,430,10%,1
Kenmore,2537063*41,,Top Freezer,Automatic,No,No,Yes,18.08,21.1,447,488,404,10%,1
Kenmore,5176****,,Side-by-Side,Automatic,No,Yes,Yes,24.84,31.62,610,703,619,15%,2
Kenmore,5182#,,Side-by-side,Automatic,No,Yes,Yes,619.09,27.14,606,665,581,10%,1
Kenmore,6935*,,Bottom Freezer,Automatic,No,No,No,18.67,23.03,469,521,521,10%,1
Kenmore,6936*,,Bottom Freezer,Automatic,No,No,No,18.67,23.03,469,521,521,10%,1
Kenmore,6938*,,Bottom Freezer,Automatic,No,No,No,22.07,26.97,500,556,556,10%,1
Kenmore,7131#,,Bottom Freezer,Automatic,No,No,Yes,23.9,29.8,606,665,581,10%,1
Kenmore,7132#,,Bottom Freezer,Automatic,No,No,Yes,21.8,27.3,587,643,559,10%,1
Kenmore,7160#,,Bottom Freezer,Automatic,No,No,Yes,25.4,31.3,618,678,594,10%,1
Kenmore,7313#,,Bottom Freezer,Automatic,No,Yes,Yes,24.2,30.28,688,755,671,10%,1
Kenmore,7401#,,Bottom Freezer,Variable,No,No,Yes,30.6,38.3,674,740,656,10%,1
Kenmore,7902#,,Bottom Freezer,Automatic,No,No,Yes,22.1,27.6,589,645,561,10%,1
Kenmore,7904#,,Bottom Freezer,Automatic,No,No,Yes,24.1,30,608,667,583,10%,1
Kenmore,7941*,,Bottom Freezer,Automatic,No,No,Yes,22.11,27.01,501,556,556,10%,1
Kenmore,7942*,,Bottom Freezer,Automatic,No,No,Yes,22.11,27.01,585,640,556,10%,1
Kenmore,7946*,,Bottom Freezer,Automatic,No,No,Yes,25.19,30.84,615,674,590,10%,1
Kenmore,970R4242*,,Top Freezer,Automatic,No,No,No,18.08,21.1,363,404,404,10%,1
Kenmore,970R4243*,,Top Freezer,Automatic,No,No,No,18.08,21.1,363,404,404,10%,1
Kenmore,970R4244*,,Top Freezer,Automatic,No,No,No,18.3,21.32,365,405,405,10%,1
Kenmore,970R4245*,,Top Freezer,Automatic,No,No,No,18.3,21.32,365,405,405,10%,1
Kenmore,970R4246*,,Top Freezer,Automatic,No,No,No,20.52,24.42,387,430,430,10%,1
Kenmore,970R7240*,,Bottom Freezer,Automatic,No,No,Yes,22.37,27.53,588,644,560,10%,1
Kenmore,970R7242*,,Bottom Freezer,Automatic,No,Yes,Yes,27.19,33.8,717,788,704,10%,1
Kenmore,970R7243*,,Bottom Freezer,Automatic,No,Yes,Yes,21.93,27.09,662,726,642,10%,1
KitchenAid,KB*S19KC*,,Bottom Freezer,Automatic,No,No,No,18.67,23.03,469,521,521,10%,1
KitchenAid,KB*S22KC*,,Bottom Freezer,Automatic,No,No,No,22.07,26.97,500,556,556,10%,1
KitchenAid,KBBL206EPA**,,Bottom Freezer,Automatic,No,No,Yes,20.86,25.09,599,657,573,10%,1
KitchenAid,KBBL206ESS**,,Bottom Freezer,Automatic,No,No,Yes,20.86,25.09,599,657,573,10%,1
KitchenAid,KBBL306EPA**,,Bottom Freezer,Automatic,No,No,Yes,20.86,25.09,599,657,573,10%,1
KitchenAid,KBBL306ESS**,,Bottom Freezer,Automatic,No,No,Yes,20.86,25.09,599,657,573,10%,1
KitchenAid,KBBR206EPA**,,Bottom Freezer,Automatic,No,No,Yes,20.86,25.09,599,657,573,10%,1
KitchenAid,KBBR206ESS**,,Bottom Freezer,Automatic,No,No,Yes,20.86,25.09,599,657,573,10%,1
KitchenAid,KBBR306EPA**,,Bottom Freezer,Automatic,No,No,Yes,20.86,25.09,599,657,573,10%,1
KitchenAid,KBBR306ESS**,,Bottom Freezer,Automatic,No,No,Yes,20.86,25.09,599,657,573,10%,1
KitchenAid,KBFN402EPA**,,Bottom Freezer,Automatic,No,No,Yes,24.17,29.05,633,694,610,10%,1
KitchenAid,KBFN402ESS**,,Bottom Freezer,Automatic,No,No,Yes,24.17,29.05,633,694,610,10%,1
KitchenAid,KBFN502EBS**,,Bottom Freezer,Automatic,No,No,Yes,24.17,29.05,633,694,610,10%,1
KitchenAid,KBFN502EPA**,,Bottom Freezer,Automatic,No,No,Yes,24.17,29.05,633,694,610,10%,1
KitchenAid,KBFN502ESBOO**,,Bottom Freezer,Automatic,No,No,Yes,24.17,29.05,633,694,610,10%,1
KitchenAid,KBFN502ESS**,,Bottom Freezer,Automatic,No,No,Yes,24.17,29.05,633,694,610,10%,1
KitchenAid,KBFS20EC*,,Bottom Freezer,Automatic,No,No,Yes,20,24.27,563,616,532,10%,1
KitchenAid,KBFS22EC*,,Bottom Freezer,Automatic,No,No,Yes,22.11,27.01,585,640,556,10%,1
KitchenAid,KBFS25EC*,,Bottom Freezer,Automatic,No,No,Yes,25.19,30.84,615,674,590,10%,1
KitchenAid,KBLC36FTS**,,Bottom Freezer,Automatic,No,No,Yes,20.8,24.81,597,654,570,10%,1
KitchenAid,KBLO36FTX**,,Bottom Freezer,Automatic,No,No,Yes,20.8,24.81,597,654,570,10%,1
KitchenAid,KBRC36FTS**,,Bottom Freezer,Automatic,No,No,Yes,20.8,24.81,597,654,570,10%,1
KitchenAid,KBRO36FTX**,,Bottom Freezer,Automatic,No,No,Yes,20.8,24.81,597,654,570,10%,1
KitchenAid,KBSD502ESS**,,Side-by-Side,Automatic,No,Yes,Yes,25.02,31.56,752,826,742,10%,1
KitchenAid,KBSD508ESS**,,Side-by-Side,Automatic,No,Yes,Yes,29.52,37.34,805,885,801,10%,1
KitchenAid,KBSD602ESS**,,Side-by-Side,Automatic,No,Yes,Yes,25.02,31.56,752,826,742,10%,1
KitchenAid,KBSD608EBS**,,Side-by-Side,Automatic,No,Yes,Yes,29.52,37.34,805,885,801,10%,1
KitchenAid,KBSD608ESS**,,Side-by-Side,Automatic,No,Yes,Yes,29.52,37.34,805,885,801,10%,1
KitchenAid,KFXS25RY*,,Bottom Freezer,Automatic,No,Yes,Yes,24.51,29.62,680,749,665,10%,1
KitchenAid,KRBL102ESS**,,Bottom Freezer,Automatic,No,No,No,22.07,26.97,500,556,556,10%,1
KitchenAid,KRBL109ESS**,,Bottom Freezer,Automatic,No,No,No,18.67,23.03,469,521,521,10%,1
KitchenAid,KRBR102ESS**,,Bottom Freezer,Automatic,No,No,No,22.07,26.97,500,556,556,10%,1
KitchenAid,KRBR109ESS**,,Bottom Freezer,Automatic,No,No,No,18.67,23.03,469,521,521,10%,1
KitchenAid,KRBX102E****,,Bottom Freezer,Automatic,No,No,No,22.07,26.97,500,556,556,10%,1
KitchenAid,KRBX109E****,,Bottom Freezer,Automatic,No,No,No,18.67,23.03,469,521,521,10%,1
KitchenAid,KRFC300E****,,Bottom Freezer,Automatic,No,No,Yes,20,24.27,563,616,532,10%,1
KitchenAid,KRFF302E****,,Bottom Freezer,Automatic,No,No,Yes,22.11,27.01,585,640,556,10%,1
KitchenAid,KRFF305E****,,Bottom Freezer,Automatic,No,No,Yes,25.19,30.84,615,674,590,10%,1
KitchenAid,KSSC42QVS**,,Side-by-side,Automatic,No,Yes,Yes,25.02,31.56,752,826,742,10%,1
KitchenAid,KSSC48QVS**,,Side-by-side,Automatic,No,Yes,Yes,29.52,37.34,805,885,801,10%,1
LG,LBC24360**,,Bottom Freezer,Automatic,No,No,Yes,24.1,30,608,667,583,10%,1
LG,LBN22370**,,Bottom Freezer,Automatic,No,No,No,22.1,27.6,505,561,561,10%,1
LG,LBNC15221*,,Bottom Freezer,Automatic,No,No,No,14.7,18.2,430,478,478,10%,1
LG,LDC22370**,,Bottom Freezer,Automatic,No,No,Yes,22.1,27.6,589,645,561,10%,1
LG,LDC24370**,,Bottom Freezer,Automatic,No,No,Yes,24.1,30,608,667,583,10%,1
LG,LDN22470**,,Bottom Freezer,Automatic,No,No,No,22.1,27.6,505,561,561,10%,1
LG,LFC21776**,,Bottom Freezer,Automatic,No,No,Yes,20.9,25.6,573,628,544,10%,1
LG,LFC22770**,,Bottom Freezer,Automatic,No,No,Yes,21.8,27.3,587,643,559,10%,1
LG,LFC24770**,,Bottom Freezer,Automatic,No,No,Yes,23.9,29.8,606,665,581,10%,1
LG,LFC24786**,,Bottom Freezer,Automatic,No,No,Yes,23.9,29.8,522,665,581,25%,3
LG,LFC25776**,,Bottom Freezer,Automatic,No,No,Yes,25.4,31.3,618,678,594,10%,1
LG,LFC28768**,,Bottom Freezer,Automatic,No,No,Yes,27.9,34.8,646,709,625,10%,1
LG,LFCS25663*,,Bottom Freezer,Variable,No,No,Yes,25.2,31.3,618,678,594,10%,1
LG,LFCS31626*,,Bottom Freezer,Variable,No,No,Yes,30.6,38.3,674,740,656,10%,1
LG,LFD22786**,,Bottom Freezer,Automatic,No,No,Yes,21.8,27.3,587,643,559,10%,1
LG,LFX28968**,,Bottom Freezer,Automatic,No,Yes,Yes,26.8,33.5,715,785,701,10%,1
LG,LFX29937**,,Bottom Freezer,Automatic,No,Yes,Yes,28.8,36.3,649,811,727,22%,3
LG,LFXS24623*,,Bottom Freezer,Automatic,No,Yes,Yes,24.2,30.28,688,755,671,10%,1
LG,LMX30998**,,Bottom Freezer,Automatic,No,Yes,Yes,29.7,36.4,739,812,728,10%,1
LG,LMXC23746*,,Bottom Freezer,Variable,No,Yes,Yes,22.7,27.6,665,731,647,10%,1
LG,LMXS27766*,,Bottom Freezer,Automatic,No,Yes,Yes,26.5,33.2,712,783,699,10%,1
LG,LMXS30756*,,Bottom Freezer,Variable,No,Yes,Yes,29.9,36.6,741,814,730,10%,1
LG,LMXS30786*,,Bottom Freezer,Automatic,No,Yes,Yes,29.9,36.6,691,814,730,17%,2
LG,LPCS34886*,,Bottom Freezer,Automatic,No,No,Yes,33.5,43.7,717,788,704,10%,1
LG,LPXS30866*,,Bottom Freezer,Variable,No,Yes,Yes,29.8,39.7,766,843,759,10%,1
LG,LPXS30886*,,Bottom Freezer,Automatic,No,Yes,Yes,29.6,39.5,765,841,757,10%,1
LG,LSSB2691**,,Side-By-Side,Automatic,No,Yes,Yes,25.6,32.7,762,838,754,10%,1
LG,LSXS22423*,,Side-by-side,Automatic,No,Yes,Yes,619.09,27.14,606,665,581,10%,1
LG,LTCS24223*,,Top Freezer,Automatic,No,No,Yes,23.8,28.51,501,548,464,10%,1
Liebherr,BF 1061,,Bottom Freezer,Automatic,No,No,Yes,10,13.4,495,547,411,13%,1
Liebherr,CBS 2062,,Bottom Freezer,Automatic,No,No,Yes,18.9,23.5,528,609,444,18%,2
Liebherr,CS 1200,,Bottom Freezer,Automatic,No,No,No,11.5,14,395,441,395,12%,1
Liebherr,CS 1311,,Bottom Freezer,Automatic,No,No,No,13,15.6,406,454,406,12%,1
Liebherr,CS 1360,,Bottom Freezer,Automatic,No,No,Yes,13,15.6,491,538,407,12%,1
Liebherr,CS 1400,,Bottom Freezer,Automatic,No,No,No,14,16.3,414,461,414,11%,1
Liebherr,CS 1611,,Bottom Freezer,Automatic,No,No,No,15.5,18.7,433,482,433,11%,1
Liebherr,CS 1640,,Bottom Freezer,Automatic,No,No,Yes,15.2,18.4,514,564,430,12%,1
Liebherr,CS 1660,,Bottom Freezer,Automatic,No,No,Yes,15.5,18.7,517,566,433,11%,1
Liebherr,CS 2060,"CS 2061,CS 2062",Bottom Freezer,Automatic,No,No,Yes,19.5,24.1,532,614,448,18%,2
Liebherr,HC 1000B,HC 1001B,Bottom Freezer,Automatic,No,No,No,9.4,11.3,395,443,395,12%,1
Liebherr,HC 1030,,Bottom Freezer,Automatic,No,No,No,9.4,11.2,395,442,395,12%,1
Liebherr,HC 1070,"HC 1080,HC 1050B ",Bottom Freezer,Automatic,No,No,Yes,9.3,11.1,475,525,391,13%,1
Liebherr,HC 1540,HC 1541,Bottom Freezer,Automatic,No,No,Yes,14.1,17.4,507,584,423,18%,2
Liebherr,HC 2060,"HC 2061,HC 2062",Bottom Freezer,Automatic,No,No,Yes,19.5,24.1,561,647,477,18%,2
Liebherr,HCB 1560,HCB 1561,Bottom Freezer,Automatic,No,No,Yes,14.1,17.4,507,584,423,18%,2
Liebherr,HCB 2060,"HCB 2061,HCB 2062",Bottom Freezer,Automatic,No,No,Yes,18.9,23.5,556,642,472,18%,2
Liebherr,HRB 1120,,Single Door,Automatic,No,No,No,10.9,10.9,283,316,283,12%,1
Liebherr,R 1410,,Single Door,Automatic,No,,No,13.8,13.8,298,339,298,14%,1
Liebherr,RB 1410,,Single Door,Automatic,No,,No,12.8,12.8,295,331,295,12%,1
Marvel,MA24BC1G,MA24BC1G***,Single Door,Automatic,Yes,No,No,4.89,4.89,269,304,304,12%,1
Marvel,MA24BR1G,MA24BR1G***,Single Door,Automatic,Yes,No,No,4.89,4.89,274,304,304,10%,1
Marvel,MA24RA1P,MA24RA1P***,Single Door,Automatic,Yes,No,No,4.58,4.58,196,301,301,35%,3
Marvel,MA24RA1S,MA24RA1S***,Single Door,Automatic,Yes,No,No,4.59,4.59,185,301,301,39%,3
Marvel,ML15BC1F,ML15BC1F***,Single Door,Automatic,Yes,No,No,2.68,2.68,213,284,284,25%,3
Marvel,ML15BC1G,ML15BC1G***,Single Door,Automatic,Yes,No,No,2.79,2.79,217,284,284,24%,3
Marvel,ML15BC1P,ML15BC1P***,Single Door,Automatic,Yes,No,No,2.72,2.72,190,284,284,33%,3
Marvel,ML15RA1P,ML15RA1P***,Single Door,Automatic,Yes,No,No,2.72,2.72,190,284,284,33%,3
Marvel,ML15RA1S,ML15RA1S***,Single Door,Automatic,Yes,No,No,2.73,2.73,174,284,284,39%,3
Marvel,ML24BC1G,ML24BC1G***,Single Door,Automatic,Yes,No,No,5.47,5.47,272,309,309,12%,1
Marvel,ML24BN1S,ML24BN1S***,Single Door,Automatic,Yes,No,No,5.74,5.74,276,312,312,12%,1
Marvel,ML24BR1F,ML24BR1F***,Single Door,Automatic,Yes,No,No,5.23,5.23,256,309,309,17%,2
Marvel,ML24BR1G,ML24BR1G***,Single Door,Automatic,Yes,No,No,5.47,5.47,276,309,309,11%,1
Marvel,ML24BR1P,ML24BR1P***,Single Door,Automatic,Yes,No,No,5.3,5.3,237,308,308,23%,3
Marvel,ML24BS1S,ML24BS1S***,Single Door,Automatic,Yes,No,No,5.74,5.74,276,312,312,12%,1
Marvel,ML24BT1S,ML24BT1S***,Single Door,Automatic,Yes,No,No,5.74,5.74,276,312,312,12%,1
Marvel,ML24RA1P,ML24RA1P***,Single Door,Automatic,Yes,No,No,5.13,5.13,219,306,306,28%,3
Marvel,ML24RA1S,ML24RA1S***,Single Door,Automatic,Yes,No,No,5.14,5.14,184,306,306,40%,3
Marvel,ML24RD1P,ML24RD1P***,Single Door,Automatic,Yes,No,No,5.01,5.01,242,305,305,21%,3
Marvel,ML24RD1S,ML24RD1S***,Single Door,Automatic,Yes,No,No,4.99,4.99,236,305,305,23%,3
Marvel,MP15BC1F,MP15BC1F***,Single Door,Automatic,Yes,No,No,2.68,2.68,213,284,284,25%,3
Marvel,MP15BC1G,MP15BC1G***,Single Door,Automatic,Yes,No,No,2.79,2.79,213,284,284,25%,3
Marvel,MP24BR1F,MP24BR1F***,Single Door,Automatic,Yes,No,No,5.23,5.23,256,307,307,17%,2
Marvel,MP24BR1G,MP24BR1G***,Single Door,Automatic,Yes,No,No,5.35,5.35,258,309,309,17%,2
Marvel,MP24RA1P,MP24RA1P***,Single Door,Automatic,Yes,No,No,5.13,5.13,219,306,306,28%,3
Marvel,MP24RA1S,MP24RA1S***,Single Door,Automatic,Yes,No,No,5.13,5.13,185,306,306,40%,3
Marvel,MP24RD1P,MP24RD1P***,Single Door,Automatic,Yes,No,No,5.01,5.01,242,305,305,21%,3
Marvel,MP24RD1S,MP24RD1S***,Single Door,Automatic,Yes,No,No,4.99,4.99,236,305,305,23%,3
Maytag,MB*1957DE*,,Bottom Freezer,Automatic,No,No,No,18.67,23.03,469,521,521,10%,1
Maytag,MBF1953DE*,,Bottom Freezer,Automatic,No,No,No,18.67,23.03,469,521,521,10%,1
Maytag,MBF1958DE*,,Bottom Freezer,Automatic,No,No,No,18.67,23.03,469,521,521,10%,1
Maytag,MBF2258DE*,,Bottom Freezer,Automatic,No,No,Yes,22.07,26.97,584,640,556,10%,1
Maytag,MFC2062DEM*,,Bottom Freezer,Automatic,No,No,Yes,20,24.27,563,616,532,10%,1
Maytag,MFF2258DE*,,Bottom Freezer,Automatic,No,No,Yes,22.11,27.01,585,640,556,10%,1
Maytag,MFF2558DE*,,Bottom Freezer,Automatic,No,No,Yes,25.19,30.84,615,674,590,10%,1
Maytag,MFT2574DE*,,Bottom Freezer,Automatic,No,Yes,Yes,24.69,29.8,685,751,667,10%,1
Maytag,MFT2776DE*,,Bottom Freezer,Automatic,No,Yes,Yes,26.8,32.71,709,778,694,10%,1
Maytag,MFT2778EE***,,Bottom Freezer,Automatic,No,Yes,Yes,26.8,32.71,709,778,694,10%,1
MICROFRIDGE, 3.0LMF4RW ,,Top Freezer,Partial Automatic,Yes,No,No,2.97,3.6,319,357,357,10%,1
MICROFRIDGE, 3.0MF4R ,,Top Freezer,Partial Automatic,Yes,No,No,2.97,3.6,319,357,357,10%,1
MICROFRIDGE, 3.0MF4RCB ,,Top Freezer,Partial Automatic,Yes,No,No,2.97,3.6,319,357,357,10%,1
MICROFRIDGE, 3.0MF4RS ,,Top Freezer,Partial Automatic,Yes,No,No,2.97,3.6,319,357,357,10%,1
MICROFRIDGE, 3.0MF4RSCB ,,Top Freezer,Partial Automatic,Yes,No,No,2.97,3.6,319,357,357,10%,1
MICROFRIDGE, 3.0RMF4RW ,,Top Freezer,Partial Automatic,Yes,No,No,2.97,3.6,319,357,357,10%,1
MICROFRIDGE,10.3LMF4R,,Top Freezer,Automatic,No,No,No,10.3,12.12,297,332,332,10%,1
MICROFRIDGE,10.3LMF4RW,,Top Freezer,Automatic,No,No,No,10.3,12.12,297,332,332,10%,1
MICROFRIDGE,10.3RMF4R,,Top Freezer,Automatic,No,No,No,10.3,12.12,297,332,332,10%,1
MICROFRIDGE,10.3RMF4RW,,Top Freezer,Automatic,No,No,No,10.3,12.12,297,332,332,10%,1
MICROFRIDGE,2.3MF4R,,Single Door,Automatic,Yes,No,No,2.3,2.3,223,280,280,20%,3
MICROFRIDGE,2.3MF4RS,,Single Door,Automatic,Yes,No,No,2.3,2.3,223,280,280,20%,3
MICROFRIDGE,2.3MF4RW,,Single Door,Automatic,Yes,No,No,2.3,2.3,223,280,280,20%,3
MICROFRIDGE,3.6MF4RA,,Single Door,Automatic,Yes,No,No,3.6,3.6,262,292,292,10%,1
MICROFRIDGE,3.6MF4RAS,,Single Door,Automatic,Yes,No,No,3.6,3.6,262,292,292,10%,1
MICROFRIDGE,3.6MF4RAW,,Single Door,Automatic,Yes,No,No,3.6,3.6,262,292,292,10%,1
MICROFRIDGE,4.8LMF4RW,,Top Freezer,Automatic,Yes,No,No,4.75,5.8,346,408,408,15%,2
MICROFRIDGE,4.8MF4R,,Top Freezer,Automatic,Yes,No,No,4.75,5.8,346,408,408,15%,2
MICROFRIDGE,4.8MF4RW,,Top Freezer,Automatic,Yes,No,No,4.75,5.8,346,408,408,15%,2
MICROFRIDGE,4.8RMF4RW,,Top Freezer,Automatic,Yes,No,No,4.75,5.8,346,408,408,15%,2
MicroFridge with Safe Plug,2.5MF4RE,,Single Door,Automatic,Yes,No,No,2.47,2.5,227,282,282,19%,2
Samsung,RF23HS*SB**,,Bottom Freezer,Automatic,No,Yes,Yes,22.6,27.5,665,730,646,10%,1
Samsung,RF23J9011**,,Bottom Freezer,Automatic,No,Yes,Yes,22.5,29.2,679,746,662,10%,1
Samsung,RF24FS*DB**,,Bottom Freezer,Automatic,No,Yes,Yes,22.6,27.5,665,730,646,10%,1
Samsung,RF25HM*DB**,,Bottom Freezer,Automatic,No,Yes,Yes,24.73,30.3,687,756,672,10%,1
Samsung,RF260B*AE**,,Bottom Freezer,Automatic,No,No,Yes,25.5,31.6,620,680,596,10%,1
Samsung,RF261BEAE**,,Bottom Freezer,Automatic,No,No,Yes,25.5,31.6,620,680,596,10%,1
Samsung,RF261BIAESR,,Bottom Freezer,Automatic,No,No,Yes,25.5,31.6,578,680,596,17%,2
Samsung,RF263B*AE**,,Bottom Freezer,Automatic,No,Yes,Yes,24.6,30.7,637,759,675,18%,2
Samsung,RF263T*AE**,,Bottom Freezer,Automatic,No,Yes,Yes,24.6,30.7,637,759,675,18%,2
Samsung,RF26HF*ND**,,Bottom Freezer,Automatic,No,No,Yes,25.7,31.8,620,682,598,10%,1
Samsung,RF26HFPNB**,,Bottom Freezer,Automatic,No,No,Yes,25.5,31.6,535,680,596,24%,3
Samsung,RF26J7500**,,Bottom Freezer,Automatic,No,Yes,Yes,25.5,31.6,698,768,684,10%,1
Samsung,RF28HD*DB**,,Bottom Freezer,Automatic,No,Yes,Yes,27.8,34.6,724,795,711,10%,1
Samsung,RF28HD*DP**,,Bottom Freezer,Automatic,No,Yes,Yes,27.8,34.56,688,795,711,15%,2
Samsung,RF28HD*DT**,,Bottom Freezer,Automatic,No,Yes,Yes,27.8,34.6,724,795,711,10%,1
Samsung,RF28HF*DT**,,Bottom Freezer,Automatic,No,Yes,Yes,28.07,34.9,725,798,714,10%,1
Samsung,RF28HFEDB**,,Bottom Freezer,Automatic,No,Yes,Yes,28.07,34.9,725,798,714,10%,1
Samsung,RF28HFPDB**,,Bottom Freezer,Automatic,No,Yes,Yes,28.07,34.9,619,798,714,25%,3
Samsung,RF28HM*DB**,,Bottom Freezer,Automatic,No,Yes,Yes,28.15,34.5,722,794,710,10%,1
Samsung,RF28HM*LB**,,Bottom Freezer,Automatic,No,Yes,Yes,28.15,34.5,722,794,710,10%,1
Samsung,RF30HB*DB**,,Bottom Freezer,Automatic,No,Yes,Yes,29.5,36.3,738,812,728,10%,1
Samsung,RF30HD*DT**,,Bottom Freezer,Automatic,No,Yes,Yes,30.2,37.8,751,825,741,10%,1
Samsung,RF31FM*DB**,,Bottom Freezer,Automatic,No,Yes,Yes,29.7,36.5,740,813,729,10%,1
Samsung,RF31FM*SB**,,Bottom Freezer,Automatic,No,Yes,Yes,29.1,35.9,735,808,724,10%,1
Samsung,RF323T*DB**,,Bottom Freezer,Automatic,No,Yes,Yes,30.5,38.1,753,828,744,10%,1
Samsung,RF32FM*DB**,,Bottom Freezer,Automatic,No,Yes,Yes,30.43,39.8,745,844,760,13%,1
Samsung,RH25H5611**,,Side-by-Side,Automatic,No,Yes,Yes,24.7,31.62,640,703,619,10%,1
Samsung,RH30H9500**,,Side-by-Side,Automatic,No,Yes,Yes,29.5,37.71,687,755,671,10%,1
Samsung,RL220N*TA**,,Bottom Freezer,Automatic,No,No,No,21.8,27.12,485,557,557,13%,1
Samsung,RL225N*TA**,,Bottom Freezer,Automatic,No,No,Yes,21.8,27.12,575,641,557,12%,1
Samsung,RS25H5111**,,Side-by-Side,Automatic,No,Yes,Yes,24.5,31.48,634,702,618,11%,1
Samsung,RS25H5121**,,Side-by-Side,Automatic,No,Yes,Yes,24.5,31.48,634,702,618,11%,1
Silhouette Professional,DAR055D1BSSPR,,Single Door,Automatic,Yes,No,No,5.53,5.53,278,310,310,10%,1
Silhouette Professional,DAR055D1BSSPRO,,Single Door,Automatic,Yes,No,No,5.53,5.53,278,310,310,10%,1
snackmate by MicroFridge,2.6SM4R,,Single Door,Automatic,Yes,No,No,2.58,2.58,228,283,283,19%,2
snackmate by MicroFridge,3.1sm4r,,Top Freezer,Partial,Yes,No,No,3.06,3.72,319,358,358,11%,1
snackmate by MicroFridge,3.2SM4RA,,Single Door,Automatic,Yes,No,No,3.24,3.24,258,289,289,11%,1
snackmate by MicroFridge,3.3SM4R,,Single Door,Automatic,Yes,No,No,3.3,3.3,259,290,290,11%,1
Summit,CP351W,,Top Freezer,Partial Automatic,Yes,No,No,2.97,3.6,319,357,357,10%,1
Summit,FF1118W,,Top Freezer,Automatic,No,No,No,10.3,12.12,297,332,332,10%,1
Summit,FF1119B,,Top Freezer,Automatic,No,No,No,10.3,12.12,297,332,332,10%,1
Summit,FF1159SS,,Top Freezer,Automatic,No,No,No,10.3,12.12,297,332,332,10%,1
Summit,FF1532B,FF1532B*,Single Door,Automatic,Yes,No,No,3,3,255,287,287,11%,1
Summit,FF412ES,,Single Door,Automatic,Yes,No,No,3.6,3.6,262,292,292,10%,1
Summit,FF433ES,,Single Door,Automatic,Yes,No,No,3.6,3.6,262,292,292,10%,1
Summit,FF64B,FF64B*,Single Door,Automatic,Yes,No,No,4.6,4.6,250,301,301,17%,2
Summit,FF71ES,,Top Freezer,Automatic,Yes,No,No,4.75,5.79,346,408,408,15%,2
Summit,FF73,FF73*,Top Freezer,Automatic,Yes,No,No,4.3,5.1,359,399,399,10%,1
Summit,SPR316OS,SPR316OS*,Single Door,Automatic,Yes,No,No,3,3,255,287,287,11%,1
Summit,SPR627OS,SPR627OS*,Single Door,Automatic,Yes,No,No,4.6,4.6,250,301,301,17%,2
Summit Classic,CL15ROS,CL15ROS*,Single Door,Automatic,Yes,No,No,3,3,255,287,287,11%,1
Summit Classic,CL68ROS,CL68ROS*,Single Door,Automatic,Yes,No,No,5.53,5.5,278,310,310,10%,1
Summit Classic,CLR152,CLR152*,Single Door,Automatic,Yes,No,No,3,3,255,287,287,11%,1
Summit Classic,CLR246,CLR246*,Single Door,Automatic,Yes,No,No,4.6,4.6,250,301,301,17%,2
Sunbeam,SBCR016A2BSL,,Single Door,Manual,Yes,No,No,1.58,1.58,207,267,267,22%,3
Sunbeam,SBCR016A2W,,Single Door,Manual,Yes,No,No,1.58,1.58,207,267,267,22%,3
Sunbeam,SBCR044A2BSL,,Single Door,Manual,Yes,No,No,4.43,4.43,226,292,292,23%,3
Thermador,T24IR800SP,,Single Door,Automatic,No,No,No,13.29,13.29,283,335,335,16%,2
Thermador,T30BB810SS,,Bottom Freezer,Automatic,No,No,Yes,16.27,19.99,546,609,525,12%,1
Thermador,T30BB820SS,,Bottom Freezer,Automatic,No,No,Yes,16.27,19.99,546,609,525,12%,1
Thermador,T30IB800SP,,Bottom Freezer,Automatic,No,No,Yes,16.27,19.99,546,609,525,12%,1
Thermador,T30IR800SP,,Single Door,Automatic,No,No,No,17.2,17.2,310,366,366,15%,2
Thermador,T36BB810SS,,Bottom Freezer,Automatic,No,No,Yes,19.86,24.31,591,649,565,10%,1
Thermador,T36BB820SS,,Bottom Freezer,Automatic,No,No,Yes,19.86,24.31,591,649,565,10%,1
Thermador,T36BT810NS,,Bottom Freezer,Automatic,No,No,Yes,19.72,24.17,590,648,564,10%,1
Thermador,T36BT820NS,,Bottom Freezer,Automatic,No,No,Yes,19.72,24.17,590,648,564,10%,1
Thermador,T36IB800SP,,Bottom Freezer,Automatic,No,No,Yes,19.86,24.31,591,649,565,10%,1
Thermador,T36IT800NP,,Bottom Freezer,Automatic,No,No,Yes,19.72,24.17,590,648,564,10%,1
U-Line,U-1215RB-00A,,Single Door,Automatic,Yes,No,No,2.9,2.9,225,286,286,21%,3
U-Line,U-1215RINT-00A,,Single Door,Automatic,Yes,No,No,2.9,2.9,225,286,286,21%,3
U-Line,U-1215RS-00A,,Single Door,Automatic,Yes,No,No,2.9,2.9,225,286,286,21%,3
U-Line,U-1215RSOD-00A,,Single Door,Automatic,Yes,No,No,2.9,2.9,225,286,286,21%,3
U-Line,U-1224RB-00A,,Single Door,Automatic,Yes,No,No,5.2,5.2,240,307,307,22%,3
U-Line,U-1224RINT-00A,,Single Door,Automatic,Yes,No,No,5.2,5.2,240,307,307,22%,3
U-Line,U-1224RS-00A,,Single Door,Automatic,Yes,No,No,5.2,5.2,240,307,307,22%,3
U-Line,U-1224RSOD-00A,,Single Door,Automatic,Yes,No,No,5.2,5.2,240,307,307,22%,3
U-Line,U-1224RW-00A,,Single Door,Automatic,Yes,No,No,5.2,5.2,240,307,307,22%,3
U-Line,U-2218RINT-00A,,Single Door,Automatic,Yes,No,No,3.5,3.5,230,291,291,21%,3
U-Line,U-2218RINT-01A,,Single Door,Automatic,Yes,No,No,3.5,3.5,230,291,291,21%,3
U-Line,U-2218RS-00A,,Single Door,Automatic,Yes,No,No,3.5,3.5,230,291,291,21%,3
U-Line,U-2218RS-01A,,Single Door,Automatic,Yes,No,No,3.5,3.5,230,291,291,21%,3
U-Line,U-2224RINT-00A,,Single Door,Automatic,Yes,No,No,4.8,4.8,240,303,303,21%,3
U-Line,U-2224RINT-01A,,Single Door,Automatic,Yes,No,No,4.8,4.8,240,303,303,21%,3
U-Line,U-2224RS-00A,,Single Door,Automatic,Yes,No,No,4.8,4.8,240,303,303,21%,3
U-Line,U-2224RS-01A,,Single Door,Automatic,Yes,No,No,4.8,4.8,240,303,303,21%,3
U-Line,U-29RB-00A,,Single Door,Automatic,Yes,No,No,3.3,3.3,260,290,290,10%,1
U-Line,U-29RB-13A,,Single Door,Automatic,Yes,No,No,3.3,3.3,260,290,290,10%,1
U-Line,U-29RB-15A,,Single Door,Automatic,Yes,No,No,3.3,3.3,260,290,290,10%,1
U-Line,U-29RW-00A,,Single Door,Automatic,Yes,No,No,3.3,3.3,260,290,290,10%,1
U-Line,U-29RW-13A,,Single Door,Automatic,Yes,No,No,3.3,3.3,260,290,290,10%,1
U-Line,U-29RW-15A,,Single Door,Automatic,Yes,No,No,3.3,3.3,260,290,290,10%,1
U-Line,U-3018RINT-00A,,Single Door,Automatic,Yes,No,No,3.5,3.5,245,291,291,16%,2
U-Line,U-3018RINT-01A,,Single Door,Automatic,Yes,No,No,3.5,3.5,245,291,291,16%,2
U-Line,U-3018RS-00A,,Single Door,Automatic,Yes,No,No,3.5,3.5,245,291,291,16%,2
U-Line,U-3018RS-01A,,Single Door,Automatic,Yes,No,No,3.5,3.5,245,291,291,16%,2
U-Line,U-3024RINT-00A,,Single Door,Automatic,Yes,No,No,4.8,4.8,240,303,303,21%,3
U-Line,U-3024RINT-01A,,Single Door,Automatic,Yes,No,No,4.8,4.8,240,303,303,21%,3
U-Line,U-3024RS-00A,,Single Door,Automatic,Yes,No,No,4.8,4.8,240,303,303,21%,3
U-Line,U-3024RS-01A,,Single Door,Automatic,Yes,No,No,4.8,4.8,240,303,303,21%,3
U-Line,U-ADA24RB-13A,,Single Door,Automatic,Yes,No,No,5.3,5.3,240,308,308,22%,3
U-Line,U-ADA24RS-13A,,Single Door,Automatic,Yes,No,No,5.3,5.3,240,308,308,22%,3
Whirlpool,WRB119WFB*,,Bottom Freezer,Automatic,No,No,No,18.67,23.03,469,521,521,10%,1
Whirlpool,WRB322DMB,,Bottom Freezer,Automatic,No,No,Yes,22.07,26.97,584,640,556,10%,1
Whirlpool,WRB329*FB*,,Bottom Freezer,Automatic,No,No,No,18.67,23.03,469,521,521,10%,1
Whirlpool,WRB329DMB*,,Bottom Freezer,Automatic,No,No,No,18.67,23.03,469,521,521,10%,1
Whirlpool,WRF532SMB*,,Bottom Freezer,Automatic,No,No,Yes,22.11,27.01,585,640,556,10%,1
Whirlpool,WRF532SNB*,,Bottom Freezer,Automatic,No,No,Yes,22.11,27.01,585,640,556,10%,1
Whirlpool,WRF535SMB*,,Bottom Freezer,Automatic,No,No,Yes,25.19,30.84,615,674,590,10%,1
Whirlpool,WRF535SWB*,,Bottom Freezer,Automatic,No,No,Yes,25.19,30.84,615,674,590,10%,1
Whirlpool,WRF540CWB*,,Bottom Freezer,Automatic,No,No,Yes,20,24.27,563,616,532,10%,1
Whirlpool,WRF736SDA*,,Bottom Freezer,Automatic,No,Yes,Yes,24.69,29.8,685,751,667,10%,1
Whirlpool,WRF757SDE***,,Bottom Freezer,Automatic,No,Yes,Yes,26.8,32.71,709,778,694,10%,1
Whirlpool,WRS331FDD*0*,,Side-by-Side,Automatic,No,Yes,Yes,21.2,26.36,601,658,574,10%,1
Whirlpool,WRS386FID*,,Side-by-side,Automatic,No,Yes,Yes,25.59,32.37,647,709,625,10%,1
Whirlpool,WRS586FID*,,Side-by-side,Automatic,No,Yes,Yes,25.59,32.37,647,709,625,10%,1
Whirlpool,WRS586FIE***,,Side-by-Side,Automatic,No,Yes,Yes,25.59,32.37,647,709,625,10%,1
Whirlpool,WRS586FLD*,,Side-by-side,Automatic,No,Yes,Yes,25.59,32.37,647,709,625,10%,1
Whirlpool,WRS975SID***,,Side-by-Side,Automatic,No,Yes,Yes,24.84,31.62,610,703,619,15%,2
Whirlpool,WRT134TFD*0*,,Top Freezer,Automatic,No,No,No,14.33,17.27,336,373,373,10%,1
Whirlpool,WRT138FZD*,,Top Freezer,Automatic,No,No,No,18.24,22.11,370,412,412,10%,1
Whirlpool,WRT148FZD*,,Top Freezer,Automatic,No,No,No,18.24,22.11,370,412,412,10%,1
Whirlpool,WRT541SZD*0*,,Top Freezer,Automatic,No,No,No,21.31,25.96,399,443,443,10%,1
Whirlpool,WRT549SZD*,,Top Freezer,Automatic,No,No,No,19.23,23.14,378,420,420,10%,1
(cu ft)",kWh/year, Federal Standard (kWh/year),Measured Federal Standard (kWh/yr),Percent Better than Measured Federal Standard,CEE Tier
Absocold, ARD244A*10R/L ,,Single Door,Automatic,Yes,No,No,2.30,2.30,223,280,280,20%,3
Absocold,ARD484F*10R/L,,Top Freezer,Automatic,Yes,No,No,4.75,5.79,346,408,408,15%,2
Avanti,AR2406W,AR2416B,Single Door,Automatic,Yes,No,No,2.20,2.20,230,279,279,18%,2
Avanti,FFBM45136SS,,Bottom Freezer,Automatic,Yes,No,No,4.50,5.60,340,405,405,16%,2
Avanti,RM24206W,"RM24216B, RM24226PS, RM24236SS",Single Door,Manual,Yes,No,No,2.40,2.40,212,274,274,23%,3
Avanti,RM3316B,RM3306W,Single Door,Manual,Yes,No,No,3.30,3.30,220,282,282,22%,3
Avanti,RM4106W,"RM4116B, RM4126PS, RM4136SS",Single Door,Manual,Yes,No,No,4.00,4.00,225,288,288,22%,3
Avanti,RM4406W,"RM4416B, RM4426PS, RM4436SS",Single Door,Manual,Yes,No,No,4.40,4.40,228,292,292,22%,3
Bosch,B10CB80NVB,B10CB80NVS / B10CB80NVW,Bottom Freezer,Automatic,No,No,No,10.71,12.30,348,426,426,18%,2
Bosch,B11CB50SSS,,Bottom Freezer,Automatic,No,No,No,11.55,13.96,357,441,357,19%,2
Danby,DCR016A3BDB,,Single Door,Manual,Yes,No,No,1.58,1.58,207,267,267,22%,3
Danby,DCR016A3WDB,,Single Door,Manual,Yes,No,No,1.58,1.58,207,267,267,22%,3
Danby,DCR016A3WDEDB,,Single Door,Manual,Yes,No,No,1.58,1.58,207,267,267,22%,3
Danby,DCR032A2BDB,,Single Door,Manual,Yes,No,No,3.24,3.24,218,282,282,23%,3
Danby,DCR032A2WDB,,Single Door,Manual,Yes,No,No,3.24,3.24,218,282,282,23%,3
Danby,DCR032C1BDB,,Single Door,Manual,Yes,No,No,3.17,3.17,218,281,281,22%,3
Danby,DCR032C1WDB,,Single Door,Manual,Yes,No,No,3.17,3.17,218,281,281,22%,3
Danby,DFF048A4WDB,,Top Freezer,Automatic,Yes,No,No,4.75,5.79,346,408,408,15%,2
Danby Designer,DAR017A2BDD,,Single Door,Automatic,Yes,No,No,1.73,1.73,221,275,275,20%,2
Danby Designer,DCR016A3BSLDD,,Single Door,Manual,Yes,No,No,1.58,1.58,207,267,267,22%,3
Danby Designer,DCR032A2BDD,,Single Door,Manual,Yes,No,No,3.24,3.24,218,282,282,23%,3
Danby Designer,DCR032A2BSLDD,,Single Door,Manual,Yes,No,No,3.24,3.24,218,282,282,23%,3
Danby Designer,DCR032A2WDD,,Single Door,Manual,Yes,No,No,3.24,3.24,218,282,282,23%,3
Danby Designer,DCR032C1BSLDD,,Single Door,Manual,Yes,No,No,3.17,3.17,218,281,281,22%,3
Danby Designer,DCR044A2BDD,,Single Door,Manual,Yes,No,No,4.43,4.43,226,292,292,23%,3
Danby Designer,DCR044A2BSLDD,,Single Door,Manual,Yes,No,No,4.43,4.43,226,292,292,23%,3
Danby Designer,DCR044A2WDD,,Single Door,Manual,Yes,No,No,4.43,4.43,226,292,292,23%,3
Electrolux,E24RD50Q,E24RD50Q**,Single Door,Automatic,Yes,No,No,4.99,4.99,236,306,306,23%,3
Electrolux,EI24RD10Q,EI24RD10Q**,Single Door,Automatic,Yes,No,No,4.99,4.99,236,306,306,23%,3
Fisher & Paykel,RF201ADUSX5,,Bottom Freezer,Variable,No,No,Yes,20.10,24.17,532,615,531,16%,2
Fisher & Paykel,RF201ADX5,,Bottom Freezer,Variable,No,No,No,20.14,24.21,448,531,531,16%,2
Gaggenau,RC462701,,Single Door,Automatic,No,No,No,13.29,13.29,283,335,335,16%,2
Gaggenau,RC472701,,Single Door,Automatic,No,No,No,17.20,17.20,310,366,366,15%,2
GE Profile,PFH28PSH****,,Bottom Freezer,Automatic,No,Yes,Yes,27.70,34.67,688,796,712,15%,2
Kenmore,5176****,,Side-by-Side,Automatic,No,Yes,Yes,24.84,31.62,610,703,619,15%,2
LG,LFC24786**,,Bottom Freezer,Automatic,No,No,Yes,23.90,29.8,522,665,581,25%,3
LG,LFX29937**,,Bottom Freezer,Automatic,No,Yes,Yes,28.80,36.3,649,811,727,22%,3
LG,LMXS30786*,,Bottom Freezer,Automatic,No,Yes,Yes,29.90,36.6,691,814,730,17%,2
Liebherr,CBS 2062,,Bottom Freezer,Automatic,No,No,Yes,18.90,23.5,528,609,444,18%,2
Liebherr,CS 2060,"CS 2061,CS 2062",Bottom Freezer,Automatic,No,No,Yes,19.50,24.1,532,614,448,18%,2
Liebherr,HC 1540,HC 1541,Bottom Freezer,Automatic,No,No,Yes,14.10,17.4,507,584,423,18%,2
Liebherr,HC 2060,"HC 2061,HC 2062",Bottom Freezer,Automatic,No,No,Yes,19.50,24.1,561,647,477,18%,2
Liebherr,HCB 1560,HCB 1561,Bottom Freezer,Automatic,No,No,Yes,14.10,17.4,507,584,423,18%,2
Liebherr,HCB 2060,"HCB 2061,HCB 2062",Bottom Freezer,Automatic,No,No,Yes,18.90,23.5,556,642,472,18%,2
Marvel,MA24RA1P,MA24RA1P***,Single Door,Automatic,Yes,No,No,4.58,4.58,196,301,301,35%,3
Marvel,MA24RA1S,MA24RA1S***,Single Door,Automatic,Yes,No,No,4.59,4.59,185,301,301,39%,3
Marvel,ML15BC1F,ML15BC1F***,Single Door,Automatic,Yes,No,No,2.68,2.68,213,284,284,25%,3
Marvel,ML15BC1G,ML15BC1G***,Single Door,Automatic,Yes,No,No,2.79,2.79,217,284,284,24%,3
Marvel,ML15BC1P,ML15BC1P***,Single Door,Automatic,Yes,No,No,2.72,2.72,190,284,284,33%,3
Marvel,ML15RA1P,ML15RA1P***,Single Door,Automatic,Yes,No,No,2.72,2.72,190,284,284,33%,3
Marvel,ML15RA1S,ML15RA1S***,Single Door,Automatic,Yes,No,No,2.73,2.73,174,284,284,39%,3
Marvel,ML24BR1F,ML24BR1F***,Single Door,Automatic,Yes,No,No,5.23,5.23,256,309,309,17%,2
Marvel,ML24BR1P,ML24BR1P***,Single Door,Automatic,Yes,No,No,5.30,5.3,237,308,308,23%,3
Marvel,ML24RA1P,ML24RA1P***,Single Door,Automatic,Yes,No,No,5.13,5.13,219,306,306,28%,3
Marvel,ML24RA1S,ML24RA1S***,Single Door,Automatic,Yes,No,No,5.14,5.14,184,306,306,40%,3
Marvel,ML24RD1P,ML24RD1P***,Single Door,Automatic,Yes,No,No,5.01,5.01,242,305,305,21%,3
Marvel,ML24RD1S,ML24RD1S***,Single Door,Automatic,Yes,No,No,4.99,4.99,236,305,305,23%,3
Marvel,MP15BC1F,MP15BC1F***,Single Door,Automatic,Yes,No,No,2.68,2.68,213,284,284,25%,3
Marvel,MP15BC1G,MP15BC1G***,Single Door,Automatic,Yes,No,No,2.79,2.79,213,284,284,25%,3
Marvel,MP24BR1F,MP24BR1F***,Single Door,Automatic,Yes,No,No,5.23,5.23,256,307,307,17%,2
Marvel,MP24BR1G,MP24BR1G***,Single Door,Automatic,Yes,No,No,5.35,5.35,258,309,309,17%,2
Marvel,MP24RA1P,MP24RA1P***,Single Door,Automatic,Yes,No,No,5.13,5.13,219,306,306,28%,3
Marvel,MP24RA1S,MP24RA1S***,Single Door,Automatic,Yes,No,No,5.13,5.13,185,306,306,40%,3
Marvel,MP24RD1P,MP24RD1P***,Single Door,Automatic,Yes,No,No,5.01,5.01,242,305,305,21%,3
Marvel,MP24RD1S,MP24RD1S***,Single Door,Automatic,Yes,No,No,4.99,4.99,236,305,305,23%,3
MICROFRIDGE,2.3MF4R,,Single Door,Automatic,Yes,No,No,2.30,2.3,223,280,280,20%,3
MICROFRIDGE,2.3MF4RS,,Single Door,Automatic,Yes,No,No,2.30,2.3,223,280,280,20%,3
MICROFRIDGE,2.3MF4RW,,Single Door,Automatic,Yes,No,No,2.30,2.3,223,280,280,20%,3
MICROFRIDGE,4.8LMF4RW,,Top Freezer,Automatic,Yes,No,No,4.75,5.8,346,408,408,15%,2
MICROFRIDGE,4.8MF4R,,Top Freezer,Automatic,Yes,No,No,4.75,5.8,346,408,408,15%,2
MICROFRIDGE,4.8MF4RW,,Top Freezer,Automatic,Yes,No,No,4.75,5.8,346,408,408,15%,2
MICROFRIDGE,4.8RMF4RW,,Top Freezer,Automatic,Yes,No,No,4.75,5.8,346,408,408,15%,2
MicroFridge with Safe Plug,2.5MF4RE,,Single Door,Automatic,Yes,No,No,2.47,2.5,227,282,282,19%,2
Samsung,RF261BIAESR,,Bottom Freezer,Automatic,No,No,Yes,25.50,31.6,578,680,596,17%,2
Samsung,RF263B*AE**,,Bottom Freezer,Automatic,No,Yes,Yes,24.60,30.7,637,759,675,18%,2
Samsung,RF263T*AE**,,Bottom Freezer,Automatic,No,Yes,Yes,24.60,30.7,637,759,675,18%,2
Samsung,RF26HFPNB**,,Bottom Freezer,Automatic,No,No,Yes,25.50,31.6,535,680,596,24%,3
Samsung,RF28HD*DP**,,Bottom Freezer,Automatic,No,Yes,Yes,27.80,34.56,688,795,711,15%,2
Samsung,RF28HFPDB**,,Bottom Freezer,Automatic,No,Yes,Yes,28.07,34.9,619,798,714,25%,3
snackmate by MicroFridge,2.6SM4R,,Single Door,Automatic,Yes,No,No,2.58,2.58,228,283,283,19%,2
Summit,FF64B,FF64B*,Single Door,Automatic,Yes,No,No,4.60,4.60,250,301,301,17%,2
Summit,FF71ES,,Top Freezer,Automatic,Yes,No,No,4.75,5.79,346,408,408,15%,2
Summit,SPR627OS,SPR627OS*,Single Door,Automatic,Yes,No,No,4.60,4.60,250,301,301,17%,2
Summit Classic,CLR246,CLR246*,Single Door,Automatic,Yes,No,No,4.60,4.60,250,301,301,17%,2
Sunbeam,SBCR016A2BSL,,Single Door,Manual,Yes,No,No,1.58,1.58,207,267,267,22%,3
Sunbeam,SBCR016A2W,,Single Door,Manual,Yes,No,No,1.58,1.58,207,267,267,22%,3
Sunbeam,SBCR044A2BSL,,Single Door,Manual,Yes,No,No,4.43,4.43,226,292,292,23%,3
Thermador,T24IR800SP,,Single Door,Automatic,No,No,No,13.29,13.29,283,335,335,16%,2
Thermador,T30IR800SP,,Single Door,Automatic,No,No,No,17.20,17.20,310,366,366,15%,2
U-Line,U-1215RB-00A,,Single Door,Automatic,Yes,No,No,2.90,2.90,225,286,286,21%,3
U-Line,U-1215RINT-00A,,Single Door,Automatic,Yes,No,No,2.90,2.90,225,286,286,21%,3
U-Line,U-1215RS-00A,,Single Door,Automatic,Yes,No,No,2.90,2.90,225,286,286,21%,3
U-Line,U-1215RSOD-00A,,Single Door,Automatic,Yes,No,No,2.90,2.90,225,286,286,21%,3
U-Line,U-1224RB-00A,,Single Door,Automatic,Yes,No,No,5.20,5.20,240,307,307,22%,3
U-Line,U-1224RINT-00A,,Single Door,Automatic,Yes,No,No,5.20,5.20,240,307,307,22%,3
U-Line,U-1224RS-00A,,Single Door,Automatic,Yes,No,No,5.20,5.20,240,307,307,22%,3
U-Line,U-1224RSOD-00A,,Single Door,Automatic,Yes,No,No,5.20,5.20,240,307,307,22%,3
U-Line,U-1224RW-00A,,Single Door,Automatic,Yes,No,No,5.20,5.20,240,307,307,22%,3
U-Line,U-2218RINT-00A,,Single Door,Automatic,Yes,No,No,3.50,3.50,230,291,291,21%,3
U-Line,U-2218RINT-01A,,Single Door,Automatic,Yes,No,No,3.50,3.50,230,291,291,21%,3
U-Line,U-2218RS-00A,,Single Door,Automatic,Yes,No,No,3.50,3.50,230,291,291,21%,3
U-Line,U-2218RS-01A,,Single Door,Automatic,Yes,No,No,3.50,3.50,230,291,291,21%,3
U-Line,U-2224RINT-00A,,Single Door,Automatic,Yes,No,No,4.80,4.80,240,303,303,21%,3
U-Line,U-2224RINT-01A,,Single Door,Automatic,Yes,No,No,4.80,4.80,240,303,303,21%,3
U-Line,U-2224RS-00A,,Single Door,Automatic,Yes,No,No,4.80,4.80,240,303,303,21%,3
U-Line,U-2224RS-01A,,Single Door,Automatic,Yes,No,No,4.80,4.80,240,303,303,21%,3
U-Line,U-3018RINT-00A,,Single Door,Automatic,Yes,No,No,3.50,3.50,245,291,291,16%,2
U-Line,U-3018RINT-01A,,Single Door,Automatic,Yes,No,No,3.50,3.50,245,291,291,16%,2
U-Line,U-3018RS-00A,,Single Door,Automatic,Yes,No,No,3.50,3.50,245,291,291,16%,2
U-Line,U-3018RS-01A,,Single Door,Automatic,Yes,No,No,3.50,3.50,245,291,291,16%,2
U-Line,U-3024RINT-00A,,Single Door,Automatic,Yes,No,No,4.80,4.80,240,303,303,21%,3
U-Line,U-3024RINT-01A,,Single Door,Automatic,Yes,No,No,4.80,4.80,240,303,303,21%,3
U-Line,U-3024RS-00A,,Single Door,Automatic,Yes,No,No,4.80,4.80,240,303,303,21%,3
U-Line,U-3024RS-01A,,Single Door,Automatic,Yes,No,No,4.80,4.80,240,303,303,21%,3
U-Line,U-ADA24RB-13A,,Single Door,Automatic,Yes,No,No,5.30,5.30,240,308,308,22%,3
U-Line,U-ADA24RS-13A,,Single Door,Automatic,Yes,No,No,5.30,5.30,240,308,308,22%,3
Whirlpool,WRS975SID***,,Side-by-Side,Automatic,No,Yes,Yes,24.84,31.62,610,703,619,15%,2
Absocold,ARD244A*10R/L ,,Single Door,Automatic,Yes,No,No,2.30,2.30,223,280,280,20%,3
